,Email,Code_Postal,Ville,Entreprise_name,other_link
0,info@bvmac-ac.org,B.P. 442, DOUALA, BOURSE DES VALEURS MOBILIÈRES DE L’AFRIQUE CENTRALE (BVMAC),/index.php/p/douala-stock-exchange-dsx
1,3t@tafinvestment.com,B.P. 12554, DOUALA,3T CAMEROUN,/index.php/p/3t-cameroun-1
2,,B.P. 13222, DOUALA,ABB (ASEA BROWN BOVERI),/index.php/p/abb-asea-brown-boveri
3,contact@abioget.org,127, MAROUA,ABIOGeT,/index.php/p/abioget
4,ac2p2013@gmail.com,B.P. 8722, DOUALA,AC2P (ASSOCIATION CAMEROUNAISE DES PROFESSIONNELS DE LA PLASTURGIE ),/index.php/p/ac2p-association-camerounaise-des-professionnels-de-la-plasturgie
5,directiongenerale@acamvie.com,B.P 2000, DOUALA,ACAM VIE S.A,/index.php/p/acam-vie-sa
6,acamet.cam@gmail.com,5773, Douala,ACAMET,/index.php/p/acamet
7,baoace@yahoo.fr,B.P. 2439, DOUALA,ACE (African Consulting Entreprise),/index.php/p/ace-african-consulting-entreprise
8,activa.assur@group-activa.com,B.P. 12970, DOUALA,ACTIVA ASSURANCES,/index.php/p/activa-assurances
9,philomen.edjimbi@cm.addaxpetroleum.com,B.P. 2273, DOUALA,ADDAX PETROLEUM CAMEROON Ltd,/index.php/p/addax-petroleum-cameroon-ltd
10,Douala,"Rue des Ministres, Bonanjo",B.P. 829,ADIC (African Distilling Company SA),/index.php/p/adic-african-distilling-company-sa
11,Yaoundé,Bastos Ecole Publique,,AFRICA BUSINESS CENTER,/index.php/p/africa-business-center
12,,,,AFRICA PREMIUM CONSULTING,/index.php/p/africa-premium-consulting
13,adic2@yahoo.fr,B.P.2199, DOUALA,AFRICA WORKS,/index.php/p/africa-works
14,contact@africa-business-centers.com,, YAOUNDE,AFRICAN TRADING COMPANY Sarl,/index.php/p/african-trading-company-sarl
15,africa.hstandards@gmail.com,, ,AFRILAND FIRST BANK,/index.php/p/afriland-first-bank
16,africaworks2006@yahoo.fr,, DOUALA,AFRIMAR S.A.,/index.php/p/afrimar-sa
17,atc@bellesgraines.com,5727, Douala,AFRIQUE AUDIT CONSEIL,/index.php/p/afrique-audit-conseil
18,firstbank@afrilandfirstbank.com; nafalph@yahoo.fr,B.P. 11834, YAOUNDE,AFRO PETRO & BUSINESS SOLUTIONS,/index.php/p/afro-petro-business-solutions
19,afrimarsa@afrimarsa.com,B.P.15448, DOUALA,AG PARTNERS CAMEROUN PUBLICIS AFRICA GROUP,/index.php/p/ag-partners-cameroun-publicis-africa-group
20,contact@aacbti.com,B.P: 15223, DOUALA,AGGREKO CAMEROUN Ltd,/index.php/p/aggreko-cameroun-ltd
21,enquiries@afropbs.com,B.P: 12777, DOUALA,AGPC (Association pharmaceutique des grossistes du Cameroun),/index.php/p/agpc-association-pharmaceutique-des-grossistes-du-cameroun
22,info@ag-partners.com,B.P. 12555, DOUALA,AGROCHEM,/index.php/p/agrochem
23,Douala,"Rue des Ministres, Bonanjo",B.P. 829,AIGLE VOYAGES,/index.php/p/aigle-voyages
24,Yaoundé,Bastos Ecole Publique,,AJ AND PARTNERS,/index.php/p/aj-and-partners
25,,,,AJC GRAPHIC,/index.php/p/ajc-graphic
26,line.tcheng@aggreko.ae,B.P. 13027, DOUALA,AKWA PALACE ,/index.php/p/akwa-palace-pullman
27,prosperhiag@yahoo.fr,B.P.12554, DOUALA,ALIOS FINANCES CAMEROUN,/index.php/p/alios-finances-cameroun
28,"agrochem.cm@gmail.com, agrochem.cm@gmail.com",5624, DOUALA,ALLIANZ CAMEROUN,/index.php/p/allianz-cameroun
29,"bjeanne.sangang@aigle_voyages.com , sabetty@yahoo.fr",, Douala,ALM CONSULTANTS,/index.php/p/alm-consultants
30,ajfoodappro@outlook.fr,, Douala,ALPICAM (Alpi Pietro et Fils Cameroun Sarl),/index.php/p/alpicam-alpi-pietro-et-fils-cameroun-sarl
31,info@ajcgraphic.com,, DOUALA,ALUCAM (Aluminium du Cameroun),/index.php/p/alucam-aluminium-du-cameroun
32,contact@hotel-akwa-palace.com,B.P. 4007, DOUALA,AMD Sarl (Aciers et Métaux Divers),/index.php/p/amd-sarl-aciers-et-metaux-divers
33,cameroun@alios-finance.com,B.P.554, DOUALA,ANEMCAM (Association Nationale des Etablissements de Microfinance du Cameroun),/index.php/p/anemcam-association-nationale-des-etablissements-de-microfinance-du-cameroun
34,allianz.cameroun@allianz-cm.com,B.P.105, DOUALA,APAVE CAMEROUN,/index.php/p/apave-cameroun
35,alm@almconsultants.com,B.P.2584, DOUALA,APECCAM (Association Professionnelle des Etablissements de Crédit du Cameroun),/index.php/p/apeccam-association-professionnelle-des-etablissements-de-credit-du-cameroun
36,Douala,"Rue des Ministres, Bonanjo",B.P. 829,APM SA (Agence de Prestations Maritimes),/index.php/p/apm-sa-agence-de-prestations-maritimes
37,Yaoundé,Bastos Ecole Publique,,AREA ASSURANCES,/index.php/p/area-assurances
38,,,,ARNO SA,/index.php/p/arno-sa
39,giorgio.giorgetti@alpiwood.com,B.P. 2130, DOUALA,ASAC (ASSOCIATION DES SOCIETES D'ASSURANCES DU CAMEROUN),/index.php/p/asac-association-des-societes-dassurances-du-cameroun
40,communication.alucam@groupealucam.com,B.P. 1090, DOUALA,ASCESE,/index.php/p/ascese
41,amd@aciersetmetaux.com,B.P: 5512, DOUALA,ASCOMA CAMEROUN,/index.php/p/ascoma-cameroun
42,gabriel.nzoyem@yahoo.com ,, Yaoundé,ASQUINI ENCORAD,/index.php/p/asquini-encorad
43,apave.contact@apavecameroun.com,B.P. 129, DOUALA,AT GRAPHILINE INDUSTRY,/index.php/p/at-graphiline-industry
44,apeccam@camnet.cm,B.P. 133, YAOUNDE,ATLANTIQUE ASSURANCES CAMEROUN-IARDT,/index.php/p/atlantique-assurances-cameroun-iardt
45,info@apmmaritime.com,BP 12610, DOUALA,AUDITEC FOIRIER CONSULTING S.A,/index.php/p/auditec-foirier-consulting-sa
46,area@areaassurance.com,B.P. 15584, DOUALA,AURORE  METAL INDUSTRY Sarl,/index.php/p/aurore-express-services-sarl
47,info@groupearno.com,664, Douala,AUTOHAUS S.A.,/index.php/p/autohaus-sa
48,asac_douala@yahoo.fr,B.P 1136, DOUALA,AUTORITE PORTUAIRE NATIONALE,/index.php/p/autorite-portuaire-nationale
49,Douala,"Rue des Ministres, Bonanjo",B.P. 829,AVILYOS,/index.php/p/tnt-africa-cameroun
50,Yaoundé,Bastos Ecole Publique,,AWEP (African Women Entrepreneurship Program),/index.php/p/awep-african-women-entrepreneurship-program
51,,,,AXA ASSURANCES CAMEROUN,/index.php/p/axa-assurances-cameroun
52,ascesecom@yahoo.fr,B.P. 15470, DOUALA,B&C (BRAND & CONSUMERS),/index.php/p/bc-brand-consumers
53,cameroun@ascoma.com; grace.mbongo@ascoma.com,B.P. 544, DOUALA,BANQUE ATLANTIQUE CAMEROUN,/index.php/p/banque-atlantique-cameroun
54,info@asquini-encorad.com,B.P. 1033, DOUALA,BAT CAMEROUN,/index.php/p/bat-cameroun
55,graphiline@yahoo.fr / graphiline@at-graphiline.com,12471, DOUALA,BAT TRANSIT AND SERVICE Cie,/index.php/p/bat-transit-and-service-cie
56,contact@atlantiqueassurances.com,, Douala,BB VISION,/index.php/p/bb-vision
57,info@auditechc-foirier.com,B.P.443, DOUALA,BENEFICIAL LIFE INSURANCE S.A,/index.php/p/beneficial-general-insurance-sa
58,auroreservicesexpress@yahoo.fr,, DOUALA,BERYO International,/index.php/p/beryo-international
59,contact@autohaus-cameroon.com,B.P. 15512, DOUALA,BGFI BANK CAMEROUN,/index.php/p/bgfi-bank-cameroun
60,apn@camnet.cm,B.P. 11538, YAOUNDE,BIA Cameroun S.A.,/index.php/p/bia-cameroun-sa
61,info@avilyos.com,, Douala,BICEC,/index.php/p/bicec
62,Douala,"Rue des Ministres, Bonanjo",B.P. 829,BIOTROPICAL,/index.php/p/biotropical
63,Yaoundé,Bastos Ecole Publique,,BLESSING PETROLEUM SA,/index.php/p/blessing-petroleum-sa
64,,,,BOCOM INTERNATIONAL,/index.php/p/bocom-international
65,"info@awepcameroon.org, vansteph04@yahoo.fr",, DOUALA,BOLLORE TRANSPORTS & LOGISTICS CAMEROUN,/index.php/p/bollore-africa-logistics-cameroun
66,axa.cameroun@axa.cm,B.P. 4068, DOUALA,BOLUDA Cameroun,/index.php/p/boluda-cameroun
67,"care@brandandconsumers.com, codi@brandandconsumers.com",B.P. 15018, DOUALA,BPS (BUSINESS & PARTNERS SERVICES SARL),/index.php/p/bps-business-partners-services-sarl
68,,2933, DOUALA,BRAIN CONSULTING,/index.php/p/brain-consulting
69,contact_cemac@bat.com,, DOUALA,BUETEC BRODERIE SARL,/index.php/p/buetec-broderie-sarl
70,battransit@camnet.cm,B.P. 3316, DOUALA,BUNS (SOCIETE BUNS),/index.php/p/buns-societe-buns
71,b_beyokol@hotmail.com,, YAOUNDE,BUREAU DE GESTION,/index.php/p/bureau-de-gestion
72,"beneficial@groupbeneficial.com, bli@beneficial.com",B.P. 2328, DOUALA,BUREAU VERITAS DOUALA,/index.php/p/bureau-veritas
73,beryo.international01@yahoo.fr,B.P. 11975, DOUALA,CABINET BEHLE ET ASSOCIES,/index.php/p/cabinet-behle-et-associes
74,contactbgfi@bgfi.com,, DOUALA,CABINET NYEMB,/index.php/p/cabinet-nyemb
75,Douala,"Rue des Ministres, Bonanjo",B.P. 829,CADEV (CENTRE AFRICAIN POUR LE DROIT ET LE DEVELOPPEMENT),/index.php/p/cadev-centre-africain-pour-le-droit-et-le-developpement
76,Yaoundé,Bastos Ecole Publique,,CAMAIR-CO SA,/index.php/p/camair-co-sa
77,,,,CAMDA (Camerounaise de Distribution Alimentaire,/index.php/p/camda-camerounaise-de-distribution-alimentaire
78,info.cmr@biagroup.com,B.P. 1935, DOUALA,CAMDA (Camerounaise de Distribution Alimentaire),/index.php/p/camda-camerounaise-de-distribution-alimentaire_1
79,bicec@bicec.com,B.P. 1925, DOUALA,CAMEROON TEA ESTATES (CTE),/index.php/p/cameroon-tea-estates-cte
80,biotropical@biotropical.com,B.P. 12315, DOUALA,CAMEROUN ASSISTANCE SANITAIRE,/index.php/p/cameroun-assistance-sanitaire
81,"blessingpetro@blessingpetroleum.net, amedee.tchanpga@blessingpetroleum.net",PB 5405, DOUALA,CAMEROUN AUDIT CONSEIL,/index.php/p/cameroun-audit-conseil
82,bocominter2002@yahoo.fr,B.P. 9546, DOUALA,CAMI TOYOTA,/index.php/p/cami-toyota
83,bollore.africa-logistics.cm@bollore.com,B.P. 4057, DOUALA,CAMLAIT,/index.php/p/camlait
84,,, DOUALA,CAMRAIL,/index.php/p/camrail
85,"bps_sarl11@yahoo.fr, commercial.bpsgroup@gmail.com",BP 15254, DOUALA,CAMTECH Sarl,/index.php/p/camtech-sarl
86,contact@brainconsulting-bc.com,, DOUALA,CAMTRACK,/index.php/p/camtrack
87,bettina@buetec-broderie.com,B.P.3804, DOUALA,CAMWATER,/index.php/p/camwater
88,Douala,"Rue des Ministres, Bonanjo",B.P. 829,CANAL + CAMEROUN,/index.php/p/canal-cameroun
89,Yaoundé,Bastos Ecole Publique,,CAPA (Cameroon Alcohol Producers Association),/index.php/p/capa-cameroon-alcohol-producers-association
90,,,,CAPI CAMEROUN,/index.php/p/capi-cameroun
91,societe.buns@yahoo.com,BP 1130, YAOUNDE,CBC (Commercial Bank of Cameroon),/index.php/p/cbc-commercial-bank-of-cameroon
92,cabinet.bg@gmail.com,B.P: 13170, YAOUNDE,CCA-Bank S.A (Crédit Communautaire d'Afrique - Bank S.A) ,/index.php/p/cca-sa-credit-communautaire-d-afrique
93,contact.cmr@bureauveritas.com,B.P. 830, DOUALA,CDC (Cameroon Development Corporation),/index.php/p/cdc-cameroon-development-corporation
94,ol_behle@yahoo.fr,B.P. 712, DOUALA,CECOTRAM Sarl,/index.php/p/cecotram-sarl
95,cabinet@cabinetnyemb.com,B.P: 4163, DOUALA,CENTRE SERVICES EXPRESS,/index.php/p/centre-services-express
96,"sa2_ousmanou@hotmail.com, ousman_z@cadev-afrique.org, cadev@cadev-afrique.org",BP 15810, YAOUNDE,CFAO TECHNOLOGIES,/index.php/p/cfao-technologies
97,info@camair-co.net,B.P. 4852, DOUALA,CGA CoPME (Centre de Gestion Agrée - Confédération des Petites et Moyennes Entreprises),/index.php/p/cga-copme-centre-de-gestion-agree-confederation-des-petites-et-moyennes-entreprises
98,ldemez@cfao.com,BP 12153, DOUALA,CGM/ G.K.M AUDIT et CONSEIL,/index.php/p/cgm-gkm-audit-et-conseil
99,"Ldemez@cfao.com, aferrer@cfao.com",B.P: 12153, DOUALA,CHANAS ASSURANCES S.A.,/index.php/p/chanas-assurances-s-a-
100,boumdago@yahoo.fr,, Douala,CHASLES CORPORATION,/index.php/p/chasles-corporation
101,Douala,"Rue des Ministres, Bonanjo",B.P. 829,CHAZAI WAMBA,/index.php/p/chazai-partners
102,Yaoundé,Bastos Ecole Publique,,"CHOCOCAM (Chocolaterie, Confiserie du Cameroun)",/index.php/p/chococam-chocolaterie-confiserie-du-cameroun
103,,,,CIFM- PALLISCO,/index.php/p/cifm-pallisco
104,contact1@cas-assistance.com,B.P. 2265, DOUALA,CIMAF (Ciments de l'Afrique Cameroun),/index.php/p/cimaf-ciments-de-l-afrique-cameroun
105,cacinternational@cac-international.com,B.P. 443, DOUALA,CIMENCAM (Cimenteries du Cameroun),/index.php/p/cimencam-cimenteries-du-cameroun
106,cami@cfao.com,B.P. 1217 Douala-Cameroun, DOUALA,CITIBANK OF CAMEROON,/index.php/p/citibank-of-cameroon
107,rkamga@camlait.com; pltoukam@camlait.com; gbfotso@camlait.cm;,B.P. 1838, DOUALA,CLGG (Consignation et Logistique du Golfe de Guinée),/index.php/p/clgg-consignation-et-logistique-du-golfe-de-guinee
108,courrier@camrail.net,B.P. 766, DOUALA,CMA CGM CAMEROUN,/index.php/p/cma-cgm-cameroun
109,info@camtechgroup.net,, YAOUNDE,CNCC (Conseil National des Chargeurs du Cameroun ),/index.php/p/cncc-conseil-national-des-chargeurs-du-cameroun
110,sales@camtrack.net,, DOUALA,CNIC (Chantier Naval et Industriel du Cameroun S.A.),/index.php/p/cnic-chantier-naval-et-industriel-du-cameroun-sa
111,,, DOUALA,CNPS,/index.php/p/cnps
112,canalplus.cameroun@canal-plus.com ,B.P. 72, DOUALA,COFACE WEST AFRICA (Compagnie Française d'Assurance pour le Commerce Extérieur),/index.php/p/coface-west-africa-compagnie-franaise-d-assurance-pour-le-commerce-extrieur
113,"sarah.bakanesimo@diageo.com, rmfondja@sabc-cm.com",, DOUALA,COGENI CAMEROUN SARL,/index.php/p/cogeni-cameroun-sarl
114,Douala,"Rue des Ministres, Bonanjo",B.P. 829,COLGATE PALMOLIVE CAMEROUN,/index.php/p/colgate-palmolive-cameroun-3
115,Yaoundé,Bastos Ecole Publique,,COMETAL,/index.php/p/cometal
116,,,,COMPAGNIE INDUSTRIELLE PHARMACEUTIQUE (CINPHARM),/index.php/p/compagnie-industrielle-pharmaceutique-cinpharm
117,ag@capicameroun.com,, Douala,CONCEPT IMMOBILIER,/index.php/p/concept-sarl
118,cb-cameroun@groupecommercialbank.com,B.P. 4004, DOUALA,CONNECTIK HALL,/index.php/p/connectik-hall
119,cca@afrigroupe.com /  cca@cca-bank.com,1573 , YAOUNDE,CONSEILS ET SUIVIS LOGISTIQUES,/index.php/p/conseils-et-suivis-logistiques
120,info@cdc-cameroon.com,Bota-Limbe     South west province, DOUALA,CONSEILS ET SUIVIS LOGISTIQUES,/index.php/p/conseils-et-suivis-logistiques_2
121,cecotram2002@yahoo.fr,B.P: 564, DOUALA,CONSEILS FISCAUX ASSOCIES,/index.php/p/conseils-fiscaux-associes
122,cse_97@yahoo.fr/ csemosenjebayi@yahoo.fr,, DOUALA,COTCO S.A. (Cameroon Oil Transportation Company),/index.php/p/cotco-sa-cameroon-oil-transportation-company
123,technologies@cfao.com,B.P. 12937, DOUALA,CPA (COMPAGNIE PROFESSIONNELLE D'ASSURANCE DU CAMEROUN),/index.php/p/cpa-compagnie-professionnelle-d-assurance-du-cameroun
124,centredegestionagreecopme@gmail.com / alain.coutchang@yahoo.fr,, ,CPET (Chambre Professionnelle  Des Experts Techniques du Cameroun),/index.php/p/cpet-chambre-professionnelle-des-experts-techniques-du-cameroun
125,cgmaudit@yahoo.fr,B.P. 4096, DOUALA,CREATIVE SARL,/index.php/p/creative-sarl
126,chanas@chanasassurances.com; mouloki@chanasassurances.com,B.P. 109, DOUALA,CREDIT POPULAIRE (Société Coopérative d'Epargne et de Crédit),/index.php/p/credit-populaire-societe-cooperative-d-epargne-et-de-credit
127,Douala,"Rue des Ministres, Bonanjo",B.P. 829,Croisiere BTP,/index.php/p/croisiere-btp
128,Yaoundé,Bastos Ecole Publique,,CROPLIFE CAMEROUN,/index.php/p/croplife-cameroun
129,,,,CTA- SOTEXCAM S.A,/index.php/p/cta-sotexcam-sa
130,"cnjea@chaslescorp.com, info@chaslescorp.com, sales@chaslescorp.com",BP : 2867 Douala-Cameroun, Douala,CTC (CAMEROUN TOBACCO COMPANY) ,/index.php/p/ctc-cameroun-tobacco-company
131, contact@chazai-wamba.com,4937, Douala,CWEN (Cameroon Women Entrepreneurs Network),/index.php/p/cwen-cameroon-women-entrepreneurs-network
132,"chococam@chococam.net; calixte.mbella@chococam.net, contact.chococam@tigerbrands.com",B.P. 275, DOUALA,Cyclone Sarl,/index.php/p/cyclone-sarl
133,info@pallisco-cifm.com,B.P. 394, DOUALA,DECORALIA,/index.php/p/decoralia
134,youssef.maddoun@cimentsafrique.com,B.P. 9457, DOUALA,DELOITTE,/index.php/p/deloitte
135,contact@cimencam.lafarge.com; nathalie.bayo@lafarge.com;,B.P. 1323, DOUALA,DELTA INDUSTRIES INTERNATIONAL S.A.,/index.php/p/delta-industries-international-sa
136,yinilah.ndahne@citigroup.com,B.P. 4571, DOUALA,DETAENERGY,/index.php/p/detaenergy
137,commercial@clgg-cm.com; agencies@clgg-cm.com,B.P. 4054, DOUALA,DHL EXPRESS,/index.php/p/dp-dhl
138,dlo.agency@cma-cgm.com,2077, DOUALA,DHL GLOBAL FORWARDING,/index.php/p/dhl-global-forwarding
139,info@cncc.cm,B.P.1588, DOUALA,Dino & Fils S.A.,/index.php/p/dino-fils-s-a
140,Douala,"Rue des Ministres, Bonanjo",B.P. 829,DIOOL CAMEROON SAS,/index.php/p/diool-cameroon-sas
141,Yaoundé,Bastos Ecole Publique,,DJEMO BTP,/index.php/p/djemo-btp
142,,,,DOHONE SA,/index.php/p/dohone-sa
143,CNIC@cnicyard.com ;  enquiries@CNICyard.com,B.P. 2389, DOUALA,DOVV Distribution Sarl,/index.php/p/dovv-distribution-sarl
144,,, YAOUNDE,DOWNSTREAM CONSULTING SA,/index.php/p/downstream-consulting-sa
145,coface_westafrica@coface.com,B.P. 18342, DOUALA,DPDC (DIBAMBA POWER DEVELOPMENT COMPANY),/index.php/p/dpdc-dibamba-power-development-company
146,cogenicam@cogenicam.com,B.P. 5751, DOUALA,DREAM EVENT,/index.php/p/dream-event
147,"richard_fowang@colpal.com, ghislaine_likeng@colpal.com",1083, DOUALA,DTP CAMEROUN,/index.php/p/dtp-cameroun
148,cometal@tafinvestment.com,B.P. 4382, DOUALA,EASY PRINT,/index.php/p/easy-print
149,secretariat@cinpharm.net,, Douala,ECA-ERNST & YOUNG,/index.php/p/eca-ernst-young
150,conceptimmobilier1@gmail.com,BP: 12112 Douala-Cameroun, Douala,ECO -ASSURANCES,/index.php/p/eco-assurances
151,infos@connectik-group.com,17808, Douala,ECO SERVICES,/index.php/p/eco-services
152,info@cfpcsl.com,12840, DOUALA,ECOBANK CAMEROUN,/index.php/p/ecobank-cameroun
153,Douala,"Rue des Ministres, Bonanjo",B.P. 829,ECTA-BTP (ETABLISSEMENTS CAMEROUNAIS DES TECHNICIENS ASSOCIES EN BATIMENT ET TRAVAUX PUBLICS ),/index.php/p/ecta-btp-etablissements-camerounais-des-techniciens-associes-en-batiment-et-travaux-publics
154,Yaoundé,Bastos Ecole Publique,,EDOK - ETER CAMEROUN S.A.,/index.php/p/edok-eter-cameroun-sa
155,,,,EFAB CORPORATE SARL ,/index.php/p/efab-corporate-sarl
156,info@cfpcsl.com,12840, DOUALA,EGEC (Entreprise générale d'Etudes et de Constructions),/index.php/p/egec-entreprise-gnrale-d-etudes-et-de-constructions
157,ghtchente@conseilsfiscauxassocies.com ; ghtchente@yahoo.fr,, DOUALA,EGIS CAMEROUN SA,/index.php/p/egis-cameroun-sa
158,,"B.P. 3738 Douala, Cameroun", DOUALA,ElectIT Engineering,/index.php/p/electit-engineering
159,cpasiege@yahoo.fr,B.P. 54, DOUALA,ELECTRO-PLOMB Sarl,/index.php/p/electro-plomb-sarl
160,fredericdjeuhon@yahoo.fr,467 Av De Gaule, Douala,EMPLOI SERVICE S.A.,/index.php/p/emploi-service-sa
161,creative.sarl@yahoo.fr; marc.djoumessi@creativesarl.net;,B.P, DOUALA,ENEM,/index.php/p/enem
162,"ecpc@creditpopulairecm.com,  dgecpc@creditpopulairecm.com, president@creditpopulairecm.com, mediesse_emilie@creditpopulairecm.com",184, DOUALA,ENEO CAMEROUN S.A.,/index.php/p/eneo-cameroun-sa
163,secretariat@croisierebtp.cm,3461, Yaoundé,EURO COSMETICS,/index.php/p/euro-cosmetics
164,info@croplife-cm.org,B.P. 3224, DOUALA,EUROPE AFRIQUE INTERIM S.A,/index.php/p/europe-afrique-interim-sa
165,gab.sotexcam@yahoo.com,B.P. 7616, DOUALA,EVOLVING CONSULTING,/index.php/p/evolving-consulting
166,Douala,"Rue des Ministres, Bonanjo",B.P. 829,Executive & Leisure Travel Agency (ELTA),/index.php/p/elta-hrg-cameroun-sarl
167,Yaoundé,Bastos Ecole Publique,,EXPERTIZ Sarl,/index.php/p/expertiz-sarl
168,,,,EXPRESS EXCHANGE,/index.php/p/express-exchange
169,accounting.secretary@ctccm.com,, DOUALA,EXPRESS UNION,/index.php/p/express-union
170,camwomen2015@gmail.com,, ,FACE AUX RISQUES PROFESSIONNELS,/index.php/p/face-aux-risques-professionnels
171,info@cyclone-cm.com,362, Douala,FAFINSA,/index.php/p/fafinsa
172,decoralia.events@yahoo.fr,BP 4406, DOUALA,FAYADORT S.A.,/index.php/p/fayadort-sa
173,infocameroun@deloitte.com,B.P.5393, DOUALA,FERMENCAM (Société Camerounaise de Fermentations),/index.php/p/fermencam-societe-camerounaise-de-fermentations
174,diabemoise@hotmail.fr,B.P. 18492, DOUALA,FIMEX INTERNATIONAL SA,/index.php/p/fimex-international-sarl
175,detaenergy_sarl@yahoo.fr,B.P. 7326, DOUALA,FINANCIAL HOUSE S.A.,/index.php/p/financial-house-s-a
176,ousmanou.kouotou@dhl.com;,, DOUALA,FIRST TRUST S.A,/index.php/p/first-trust-sa
177,dgfcm.cs@dhl.com,625, DOUALA,FIRSTRANSACT INTERNATIONAL SERVICES COMPANY (FISCO Sarl),/index.php/p/firstransact-international-services-company-fisco-sarl
178,talom_justin@justawe.com,B.P. 12287, YAOUNDE,FISC'AF SARL,/index.php/p/fisc-af-sarl
179,Douala,"Rue des Ministres, Bonanjo",B.P. 829,FLORE SERVICES SARL,/index.php/p/flore-services-sarl
180,Yaoundé,Bastos Ecole Publique,,"FME - GAZ, Les Gaz Industriels du Cameroun",/index.php/p/fme-gaz-les-gaz-industriels-du-cameroun
181,,,,FODECC (FONDS DE DEVELOPPEMENT DES FILIRES CACAO CAFE),/index.php/p/fodecc-fonds-de-developpement-des-filires-cacao-cafe
182,contact@diool.com ,482, Douala,FOURE LAGADEC CAMEROUN,/index.php/p/foure-lagadec-cameroun
183,ebtpbat@yahoo.fr; infos@djemo.cm,B.P. 8412, YAOUNDE,FULL OPTION SERVICES SARL,/index.php/p/full-option-services
184,infos@my-dohone.com,BP 5033, YAOUNDE,G4S Security Services Cameroon Plc,/index.php/p/g4s-security-services-cameroon-plc
185,dovvcam@yahoo.fr,B.P. 20829, YAOUNDE,GAP CONSULT,/index.php/p/gap-consult
186,mbalkam@yahoo.fr,B.P. 5825, DOUALA,GEFAD CONSULTING,/index.php/p/gefad-consulting
187,hadidjatou.goggo@globeleq.cm,BP 12063, DOUALA,GENERAL BUSINESS OF AFRICA,/index.php/p/general-business-of-africa
188,infos@dreamevent.biz,B.P. 8535, DOUALA,GEX (Groupement des Exportateurs Cacao/cafés),/index.php/p/gex-groupement-des-exportateurs-cacao-cafs
189,d.bouchval@bouygues-construction.com,B.P. 12880, YAOUNDE,GFBC (Groupement de la Filière Bois au Cameroun),/index.php/p/gfbc-groupement-de-la-filiere-bois-au-cameroun
190,experience@easygroup.agency,, DOUALA,GLOBAL LOGISTICS LTD,/index.php/p/global-logistics-ltd
191,eca_sa@hotmail.com,B.P. 3340, DOUALA,GLOBAL SERVICES SARL,/index.php/p/global-services-sarl
192,Douala,"Rue des Ministres, Bonanjo",B.P. 829,GPAC (GROUPEMENT PROFESSIONNEL DES ACCONIERS DU CAMEROUN),/index.php/p/gpac-groupement-professionnel-des-acconiers-du-cameroun
193,Yaoundé,Bastos Ecole Publique,,GPP (GROUPEMENT DES PROFESSIONNELS DU PETROLE),/index.php/p/gpp-groupement-des-professionnels-du-petrole
194,,,,GRAPHICS SYSTEM,/index.php/p/graphics-system
195,michel.toguem@ecoassurances.com,B.P. 1500, DOUALA,Groupe Blaz Design Management & Investment S.A,/index.php/p/groupe-blaz-design-management-investment-sa
196,dg.ecoservices@gmail.com,2192, Douala,GROUPE FOCALI,/index.php/p/groupe-focali
197,ecobankcm@ecobank.com; mfall@ecobank.com,B.P. 582, DOUALA,GROUPE INTER PRESS,/index.php/p/groupe-inter-press
198,contact@ecta-btp.com,B.P. 785, YAOUNDE,GROUPE NOJEMA,/index.php/p/groupe-nojema
199,p_marelis@yahoo.fr; edoketer@yahoo.fr;,B.P. 1858, DOUALA,Groupe Scolaire Bilingue DUVAAL,/index.php/p/groupe-scolaire-bilingue-duvaal
200,anda@efab-corporate.com,, Yaoundé,GROUPEMENT DES INDUSTRIES MEUNIERES DU CAMEROUN,/index.php/p/groupement-des-industries-meunieres-du-cameroun
201,ejongl@camnet.cm; egeccameroun@yahoo.fr,B.P. 4111, DOUALA,GTS- FILTREX,/index.php/p/gts-filtrex
202,contact.egis-cameroun@egiscameroun.com,BP 911, YAOUNDE,GTW (GALILEO TRAVELPORT WORLDSPAN),/index.php/p/gtw-galileo-travelport-worldspan
203,info@electit.net,15163, Douala,GUCE-GIE (Guichet Unique des Opérations du Commerce Extérieur),/index.php/p/guce-gie-guichet-unique-des-oprations-du-commerce-extrieur
204,"info@electro-plomb.com, electroplomb@gmail.com",B.P: 12275, DOUALA,GUEST Cameroun,/index.php/p/guest-cameroun
205,Douala,"Rue des Ministres, Bonanjo",B.P. 829,GUINNESS CAMEROUN S.A.,/index.php/p/guinness-cameroun-sa
206,Yaoundé,Bastos Ecole Publique,,GULFIN S &T CO,/index.php/p/gulfin-s-t-co
207,,,,HACC (Huilerie Alimentaire et Chimique du Cameroun),/index.php/p/hacc-huilerie-alimentaire-et-chimique-du-cameroun
208,"emploiservice@emploiservice.cm, emploi_service@yahoo.fr",B.P. 7242, DOUALA,HARVEST ASSET MANAGEMENT,/index.php/p/harvest-asset-management
209,secretariat@enem-cameroun.cm; secretariat.enem@yahoo.fr,B.P. 3489, DOUALA,HAVAS AFRICA CAMEROUN,/index.php/p/havas-media-cameroun
210,alexandre.siewe@eneo.cm,B.P. 4077, DOUALA,HEVECAM S.A.,/index.php/p/hevecam-sa
211,,, DOUALA,HILTON YAOUNDE - CAMEROON HOTELS CORPORATION,/index.php/p/hilton-yaounde-cameroon-hotels-corporation
212,,10071, Douala,HORIZON PHYTO PLUS SA,/index.php/p/horizon-phyto-plus-sa
213,info@evolvingconsulting.com,BP 12507, YAOUNDE,HOTEL IBIS DOUALA,/index.php/p/hotel-ibis-douala
214,enquiries.douala@elta-travel-deals.com,B.P. 4911, DOUALA,HOTEL MONT FEBE,/index.php/p/hotel-mont-febe
215,secretariat@expertiz.cm,BP 7444, DOUALA,HOTEL SAWA,/index.php/p/hotel-sawa
216,info@expressexchange.net,B.P. 12554, DOUALA,HSD HUMAN RESOURCE SOLUTIONS LTD,/index.php/p/hsd-human-resource-solutions-ltd
217,info@expressunion.com; spdg@expressunion.net,B.P. 33088, YAOUNDE,HUAWEI Technologies Company Cam,/index.php/p/huawei-technologies-company-cam
218,Douala,"Rue des Ministres, Bonanjo",B.P. 829,HYDRAC SA (Hydrocarbures Analyses Contrôles),/index.php/p/hydrac-sa-hydrocarbures-analyses-controles
219,Yaoundé,Bastos Ecole Publique,,HYSACAM SA,/index.php/p/hysacam-sa
220,,,,IHS CAMEROON,/index.php/p/ihs-cameroon
221,"faceaurisque@yahoo.fr, faceauxrisques@faceauxrisques.cm",," Ndogsimbi, face ancien CNPS Bassa",IHS CAMEROON S.A.,/index.php/p/ihs-cameroun-sa
222,"fafinsa@noubruholding.com, rebeccabehem@gmail.com",, YAOUNDE,INQ CREATORS,/index.php/p/triberix-plc
223,fayadort@fayadort.com,B.P.6260, DOUALA,INSTITUT SAINT JEAN,/index.php/p/institut-saint-jean
224,"fermencam@gmail.com, secretariat.fermencam@gmail.com",B.P. 13234, DOUALA,INSTITUT UNIVERSITAIRE DE LA COTE,/index.php/p/institut-universitaire-de-la-cote
225,fimex@fimex-international.com,B.P. 3224, DOUALA,INSTITUT UNIVERSITAIRE SIANTOU,/index.php/p/institut-universitaire-siantou
226,blaise.kamdem@financialhouse.cm,B.P. 4531, YAOUNDE,INSTRUMELEC CAMEROUN,/index.php/p/instrumelec-cameroun
227,damase.gnonhossou@firsttrustcm.net; guillaume.ebele@firsttrustcm.net,B.P. 15271, DOUALA,INTEK,/index.php/p/intek
228,"Sikamj@simad.cm, Info@simad.cm",B.P. 2278, DOUALA,INTEL HR CONSULTING,/index.php/p/intel-hr-consulting
229,reine.tamo@aec-cm.com,512, DOUALA,Intelcia Cameroun,/index.php/p/intelcia-cameroun
230,floreservices@yahoo.fr,B.P.10114, DOUALA,INTER'ACTIV CONSULTING SARL,/index.php/p/inter-activ-consulting-sarl
231,Douala,"Rue des Ministres, Bonanjo",B.P. 829,IT SERVICES SARL,/index.php/p/it-services-sarl
232,Yaoundé,Bastos Ecole Publique,,JEFFERSONS GROUP,/index.php/p/jeffersons-group
233,,,,JURITAX CONSEIL SARL,/index.php/p/juritax-conseil-sarl
234,fme@tafinvestment.com,B.P. 13108, DOUALA,KAMIINI PRIVATE LLC,/index.php/p/kamiini-private-llc
235,fodecc_06@yahoo.fr,B.P. 1510, YAOUNDE,KOMSON AFRICA LOGISTIC,/index.php/p/komson-africa-logistic
236,lucienne.mafogang@fourelagadec.com; fl.cameroun@fourelagadec.com,B.P.3530, DOUALA,KPDC (KRIBI POWER DEVELOPMENT COMPANY),/index.php/p/kpdc-kribi-power-development-company
237,"fulloptionservice.sarl@yahoo.com,  fulloption.sarl@yahoo.com ",B.P.: 10059 Akwa Douala-Cameroun, Douala,KPMG AFRIQUE CENTRALE,/index.php/p/kpmg-afrique-centrale
238,blanche.kemmogne@cm.g4s.com,B.P. 3798, DOUALA,L'ATRIUM,/index.php/p/l-atrium
239,gap@gapconsultcm.com,B.P. 6805, DOUALA,LA NEGRESSE Sarl,/index.php/p/la-negresse-sarl
240,kuissutherese@yahoo.fr ,, ,LA NOUVELLE EXPRESSION,/index.php/p/la-nouvelle-expression
241,generalbusiness@yahoo.fr,6754, DOUALA,LA PASTA SA,/index.php/p/la-pasta-sa
242,gex_cam@yahoo.fr,B.P. 12232, DOUALA,LA ROYALE DES JEUX DU CAMEROUN,/index.php/p/la-royale-des-jeux-du-cameroun
243,gfbcam@yahoo.fr; ouoguia@yahoo.fr,B.P 495, YAOUNDE,LA SOLUTION,/index.php/p/la-solution
244,Douala,"Rue des Ministres, Bonanjo",B.P. 829,LES LABORATOIRES BIOPHARMA,/index.php/p/les-laboratoires-biopharma
245,Yaoundé,Bastos Ecole Publique,,LMT GROUP (AXESS) SA,/index.php/p/lmt-group-axess-sa
246,,,,LOGISCAL INVESTMENT SARL,/index.php/p/logiscal-investment-sarl
247,info@globallogistics.cm,BP 3861, DOUALA,Longstar Equipment Cameroun,/index.php/p/longstar-equipment-cameroun
248,infos@globalservices-sarl.com,B.P. 2533, DOUALA,LOTHE Consulting,/index.php/p/lothe-consulting
249,gpac_sg@syndicatsmaritimes.org,, DOUALA,MAERSK LINE AGENCY CAMEROUN,/index.php/p/maersk-line-agency-cameroun
250,gpp_cam@yahoo.fr ,829, DOUALA,MAHIMA SARL,/index.php/p/mahima-sarl
251,graphicssystem@hotmail.com,3045 , Douala,MAÏSCAM SA,/index.php/p/maiscam-sa
252,bd.blazdesign@gmail.com,, Yaoundé,MAT-LEC,/index.php/p/mat-lec
253,focali2014@yahoo.fr,B.P: 11400, DOUALA,MAZARS CAMEROUN,/index.php/p/mazars-cameroun
254,interpressimprimerie@yahoo.fr,B.P. 20017, YAOUNDE,MC DISTRIBUTION,/index.php/p/mc-distribution
255,societenojema@yahoo.com,B.P. 4443, DOUALA,ME MULTIMEDIA SOLUTIONS,/index.php/p/me-multimedia-solutions
256,"romeodeffo@yahoo.fr,",, DOUALA,MEDIA PLUS SARL,/index.php/p/media-plus-sarl
257,Douala,"Rue des Ministres, Bonanjo",B.P. 829,MEDICARE SARL,/index.php/p/medicare-sarl
258,Yaoundé,Bastos Ecole Publique,,MELODIUS Consulting,/index.php/p/melodius-consulting
259,,,,METCH-ELEC,/index.php/p/metch-elec
260,secretariatgeneral.gimc@yahoo.com,, Douala,METROPOLITANS PLASTICS S.A.,/index.php/p/metropolitans-plastics-sa
261,gts@gtsalarm.com; info@filtrex-cm.com/v.epesse@gts-filtrex.com,B.P. 11062, DOUALA,MISTER CLEAN,/index.php/p/mister-clean
262,infogalileo@travelportcwa.com,B.P. 12069, DOUALA,MIT CHIMIE,/index.php/p/mit-chimie
263,guce-gie@guichetunique.org,B.P. 12679, DOUALA,Mobile Money Corporation Limited,/index.php/p/mobile-money-corporation-limited
264,info@guestcameroon.com,, ,MOLIGE S.A.R.L,/index.php/p/molige-sarl
265,Guinness.Cameroun@diageo.com,B.P. 1213, DOUALA,MP SOLUTIONS SARL,/index.php/p/mp-solutions-sarl
266,"info@gulfinstco.com, bayemi.eric@gulfinstco.com",, DOUALA,MSC (Mediterranean Shipping Company Cameroun),/index.php/p/msc-mediterranean-shipping-company-cameroun
267,haccdirection2018@yahoo.com,, Douala,MSMI (MULTI SERVICES MATERIEL INDUSTRIEL SARL),/index.php/p/msmi-multi-services-materiel-industriel-sarl
268,info@hamgt.com,661, Douala,MTA CAMEROUN SA,/index.php/p/mta-cameroun-sa
269,havasmediacameroun@havasmedia.com,B.P. 263, DOUALA,MTN CAMEROON,/index.php/p/mtn-cameroon
270,Douala,"Rue des Ministres, Bonanjo",B.P. 829,MULTIPRINT LABELS & PACKAGING,/index.php/p/multiprint
271,Yaoundé,Bastos Ecole Publique,,NACYDATE SARL,/index.php/p/nacydate-sarl
272,,,,NAL BUSINESS & CORPORATION,/index.php/p/nal-business-corporation
273,"bayo@hevecam.com, adama@hevecam.com",B.P. 1298, DOUALA,NAMé RECYCLING SARL,/index.php/p/name-recycling-sarl
274,reservations.yaounde@hilton.com,B.P. 11852, YAOUNDE,NATIONAL FINANCIAL CREDIT BANK,/index.php/p/national-financial-credit-bank
275,horizonphyto@horizonphytoplus.com,, Douala,NESTLE CAMEROUN,/index.php/p/nestle-cameroun
276,ho839@accor.com,B.P. 12086, DOUALA,NEWKO AUDIT,/index.php/p/newko-audit
277,info@hotel-montfebe.com,B.P. 711, YAOUNDE,NEZAFI CAPITAL,/index.php/p/nezafi-capital
278,reservation@hotelsawa.biz; hotelsawa@hotelsawa.com; lmpriso@hotelsawa.com,B.P. 2345, DOUALA,NOUBOU INTERNATIONAL HOTEL SA,/index.php/p/noubou-international-hotel-sa
279,cameroon.office@hsd-melt.com,B.P. 3948, DOUALA,NSIA,/index.php/p/nsia
280,ngomom.serge@huawei.com,BP 4427, YAOUNDE,NT&C,/index.php/p/ntc
281,hydrac@camnet.cm,B.P. 12806, DOUALA,OAPA (Observatoire Africain de la Pratique des Affaires),/index.php/p/oapa-observatoire-africain-de-la-pratique-des-affaires
282,hysacam_dg@hysacam-proprete.com,, Douala,OASIS MOTORS,/index.php/p/oasis-motors
283,Douala,"Rue des Ministres, Bonanjo",B.P. 829,OK FOODS,/index.php/p/ok-foods
284,Yaoundé,Bastos Ecole Publique,,OK PLASTCAM Sarl,/index.php/p/ok-plastcam-sarl
285,,,,OKALLA AHANDA & ASSOCIES,/index.php/p/okalla-ahanda-associes
286,,BP 15115, DOUALA,OLAM CAM S.A.,/index.php/p/olam-cam-sa
287,martial.mbongue@ihstowers.com,BP : 15115 Douala-Cameroun, Douala,OMED VOYAGE,/index.php/p/omed-voyage
288,reachus@triberix.com,BP 8520, DOUALA,OMOA CAMEROUN S.A,/index.php/p/omoa-cameroun-sa
289,info@institutsaintjean.org,BP 749, YAOUNDE,ONE WORLD BUSINESS SA,/index.php/p/one-world-business-sa
290,istdi@yahoo.fr  /  scolarité@istidi.net ,, Douala,ONZFI (Office National des Zones Franches Industrielles),/index.php/p/onzfi-office-national-des-zones-franches-industrielles
291,inscriptions@siantou.net,, Yaoundé,ORANGE CAMEROUN S.A.,/index.php/p/orange-cameroun-sa
292,infos@instrumelec.com,B.P. 8171, DOUALA,OUMAROU MOHAMADOU COMPANY (OMC),/index.php/p/oumarou-mohamadou-company-omc
293,intek@intek-cm.com,B.P, YAOUNDE,PAK (PORT AUTONOME DE KRIBI),/index.php/p/pak-port-autonome-de-kribi
294,"derick.fonderson@intelhrc.com,",, Douala,PAMOL PLANTATIONS,/index.php/p/pamol-plantations
295,alain.nsague@intelcia.com,12995, Douala,PANESS CONSEIL (Panafric Engineering and Services),/index.php/p/paness-conseil-panafric-engineering-and-services
296,Douala,"Rue des Ministres, Bonanjo",B.P. 829,PANZANI CAMEROUN SA,/index.php/p/panzani-cameroun-sa
297,Yaoundé,Bastos Ecole Publique,,PERENCO RIO DEL REY,/index.php/p/perenco-rio-del-rey
298,,,,Perfect Services Sarl,/index.php/p/perfect-services-sarl
299,interactivconsulting@yahoo.fr,BP 16257, YAOUNDE,PERFITCOM (Performance IT et Conseils en Management),/index.php/p/perfitcom-performance-it-et-conseils-en-management
300,contact@its-nh.com,, YAOUNDE,PETROLEX CAMEROUN S.A,/index.php/p/petrolex-cameroun-sa
301,info@jeffersonsgroup.com,, Douala,PHP (Plantations de Haut  Penja),/index.php/p/php-plantations-de-haut-penja
302,juritax@juritaxconseil.com,, Douala,PIGIER CAMEROUN,/index.php/p/pigier-cameroun
303,sales@kamiini.com,BP 15571, DOUALA,PLASTICAM,/index.php/p/plasticam
304,komson.company@yahoo.com,B.P. 7203, DOUALA,POLYPHARMA SARL,/index.php/p/polypharma-sarl
305,hadidjatou.goggo@globeleq.cm,BP 12068, DOUALA,POMME ROUGE Sarl,/index.php/p/pomme-rouge-sarl
306,thierrymbimi@kpmg.cm,, Douala,PORT AUTONOME DE DOUALA,/index.php/p/port-autonome-de-douala
307,rakesh@deeliteglobal.com,664, Douala,PPSM,/index.php/p/ppsm
308,lanegresses.a.r.l@yahoo.fr; ottoucressence@hahoo.fr,B.P.15668, DOUALA,PREMIUM FINANCIAL,/index.php/p/premium-financial
309,Douala,"Rue des Ministres, Bonanjo",B.P. 829,PRICEWATERHOUSECOOPERS TAX & LEGAL,/index.php/p/pricewaterhousecoopers-tax-legal
310,Yaoundé,Bastos Ecole Publique,,PRODIGY AVIATION SOLUTIONS,/index.php/p/prodigy-aviation-solutions
311,,,,PROMETAL,/index.php/p/prometal
312,lanouvelleexpression2005@yahoo.fr; setchounkeu@yahoo.fr,, DOUALA,PROMODIS AFRIQ SARL,/index.php/p/promodis-afriq-sarl
313,lapasta@cadyst-invest.com,B.P. 1887, DOUALA,PROXIMITY CARE SARL,/index.php/p/proximity-care
314,victoirelajoie@premier-africa.com,, DOUALA,RAZEL CAMEROUN,/index.php/p/razel-cameroun
315,infosolution@solutionchimie.com; jeanbosconjoya@solutionchimie.com,B.P. 7846, DOUALA,"REPTIC.CM (Réseau des Professionnels du Secteur des Télécoms, des TIC et du Numérique du Cameroun.) ",/index.php/p/repticcm-reseau-des-professionnels-du-secteur-des-telecoms-des-tic-et-du-numerique-du-cameroun
316,biopharma@camnet.cm,B.P.1674, DOUALA,ROYAL CHIMIE S.A,/index.php/p/royal-chimie-sa
317,roger.nono@lmtgroup.com,BP 14183, YAOUNDE,RW KING,/index.php/p/rw-king
318,logicalinvestmentsarl@gmail.com,B.P. 18150, DOUALA,SAAGRY SARL,/index.php/p/saagry-sarl
319,contact@longstarafrica.com,645, Douala,SAAR (Société Africaine d'Assurance et de Réassurances),/index.php/p/saar-societe-africaine-d-assurance-et-de-reassurances
320,agence.lothe@yahoo.fr,B.P. 12727, YAOUNDE,SAB SARL (SIANTOU AFRICA BUILDING),/index.php/p/sab-sarl-siantou-africa-building
321,,12414, Douala,SABC (Société Anonyme des Brasseries du Cameroun),/index.php/p/sabc-societe-anonyme-des-brasseries-du-cameroun
322,Douala,"Rue des Ministres, Bonanjo",B.P. 829,SAE SA (SOCIETE AGROALIMENTAIRE EQUATORIALE),/index.php/p/sae-sa-societe-agroalimentaire-equatoriale
323,Yaoundé,Bastos Ecole Publique,,SAFACAM (Société Africaine Forestière et Agricole du Cameroun),/index.php/p/safacam-societe-africaine-forestiere-et-agricole-du-cameroun
324,,,,SAFCA - CAHIERS,/index.php/p/safca-cahiers
325,contact@stemahima.com,B.P. 15430, DOUALA,SAGEMCOM Cameroun,/index.php/p/sagemcom-cameroun
326,begesth@yahoo.fr,B.P. 12472, DOUALA,SAICAM SARL,/index.php/p/saicam-sarl
327,matlec@matlec.com,, DOUALA,SANLAM ASSURANCES,/index.php/p/saham-assurances-1
328,info@mazars.cm,B.P.3791, DOUALA,SANLAM LIFE,/index.php/p/saham-life-insurance
329,smaputh@hotmail.com,B.P.4327, DOUALA,SANOFI AFC,/index.php/p/sanofi-afc
330,carole@me-msolutions.com; carolembessa@hotmail.com,BP 1717, YAOUNDE,SAPACI SARL (Société Africaine des Produits Alimentaires CIAMS Industries),/index.php/p/sapaci-sarl-societe-africaine-des-produits-alimentaires-ciams-industries
331,doohcollins@mediapluscam.com,B.P. 425, DOUALA,SAPTRANS,/index.php/p/saptrans
332, infos@medicare-group.org,, Douala,SCADTC (Syndicat des Commissionnaires Agrées en  Douane et  Transitaire du Cameroun),/index.php/p/scadtc-syndicat-des-commissionnaires-agrees-en-douane-et-transitaire-du-cameroun
333,claudelen.maellet@melodius.fr,B.P., YAOUNDE,SCB Cameroun (Societe Commerciale  de Banque Cameroun),/index.php/p/scb-cameroun-societe-commerciale-de-banque-cameroun
334,info@metch-elec.com; metchelecdla@yahoo.fr,, DOUALA,SCDP (Société Camerounaise des Dépôts Pétroliers),/index.php/p/scdp-societe-camerounaise-des-depots-petroliers
335,Douala,"Rue des Ministres, Bonanjo",B.P. 829,SCI IMMO 2000,/index.php/p/sci-immo-2000
336,Yaoundé,Bastos Ecole Publique,,SCI PARADICIO,/index.php/p/sci-paradicio
337,,,,SCIEC (SYNDICAT DES COMMERCANTS IMPORTATEURS EXPORTATEURS DU CAMEROUN),/index.php/p/sciec-syndicat-des-commercants-importateurs-exportateurs-du-cameroun
338,metropolitan_secretariat@yahoo.com; metropolitan_sm@yahoo.com,B.P.398, LIMBE,SCIN (Societe Camerounaise d'intermediation et de négoce),/index.php/p/scin-societe-camerounaise-dintermediation-et-de-negoce
339,misterclean87@gmail.com,B.P. 09, DOUALA,SCR MAYA & Co (Société Camerounaise de Raffinage MAYA et Cie),/index.php/p/scr-maya-co-societe-camerounaise-de-raffinage-maya-et-cie
340,info@mitchimie.com; emmanuelwafo@mitchimie.com,B.P. 8722, DOUALA,SCS (SOCIETE CAMEROUNAISE DE SAVONNERIE),/index.php/p/scs-societe-camerounaise-de-savonnerie
341,mmc.contact@mtn.com,15574, Douala,SCTM (Société Camerounaise de Transformation Métallique),/index.php/p/sctm-societe-camerounaise-de-transformation-metallique
342,molige_sarl@yahoo.fr,B.P.12028, DOUALA,SDAD (Société de Distribution & d'Achats Divers),/index.php/p/sdad-societe-de-distribution-dachats-divers
343,contact@mpsolutions.org,, Douala,SDCRA,/index.php/p/sdcra
344,cmt.info@msc.com,, Douala,SECA ( Services Camerounais d'Assainissement ),/index.php/p/seca-services-camerounais-d-assainissement-
345,infos@msmi-cameroun.com,B.P. 7584, DOUALA,SECEL,/index.php/p/secel
346,mta.cameroun@mta-dc.com,B.P. 4448, DOUALA,SECURITY SERVICES GROUP,/index.php/p/security-services-group
347,Suzanne.Hot@mtn.com; marie-louise.nkembe@mtn.com; yetna_d@mtncameroon.net,B.P. 15574, Douala,SEMAGRI Sarl,/index.php/p/semagri-sarl
348,Douala,"Rue des Ministres, Bonanjo",B.P. 829,SEREMAC Sarl,/index.php/p/seremac-sarl
349,Yaoundé,Bastos Ecole Publique,,SFID S.A.,/index.php/p/sfid-sa
350,,,,SGMC (Société les Grands Moulins du Cameroun),/index.php/p/sgmc-societe-les-grands-moulins-du-cameroun
351,fatime.karagama@multiprint.cm; commerciaux@multiprint.cm,B.P. 5238 Douala-Cameroun, DOUALA,SGS CAMEROUN S.A.,/index.php/p/sgs-cameroun-sa
352,nino@nacydate.com,, DOUALA,SHOOTING STAR,/index.php/p/shooting-star
353,"nalbusiness@nalbusiness.cm, L.nintcheu@nalbusiness.cm",B.P. 1628, DOUALA,SIC (Société Immobilière du Cameroun),/index.php/p/sic-societe-immobiliere-du-cameroun
354,contact@name-recycling.com,112878, LIMBE,SIC CACAOS,/index.php/p/sic-cacaos
355,infi@nfcbanksa.com,B.P. 6578, YAOUNDE,SIKA CAMEROON,/index.php/p/sika-cameroon
356,siege.nestlecameroun@cm.nestle.com,B.P. 2622, DOUALA,SIMTECH-3D  SARL,/index.php/p/simtech-3d-sarl
357,charles.kooh@newko-cm.com ;  ckooh2@yahoo.fr,B.P. 1227, DOUALA,SIPP (SOCIETE INDUSTRIELLE DES PRODUITS PHARMACEUTIQUES),/index.php/p/sipp-societe-industrielle-des-produits-pharmaceutiques
358,infos@nezafi.com,, YAOUNDE,SIVO CENTRAL AFRICA,/index.php/p/sivo-central-africa
359,"reservations@noubouinternationalhotel.com,",B.P: 4168, DOUALA,SMPC (Société Moderne du Pneumatique Camerounais),/index.php/p/smpc-societe-moderne-du-pneumatique-camerounais
360,"esther.tiako@groupensia.com, nsia.cm@groupensia.com",B.P. 2759, DOUALA,SMS CAMEROUN,/index.php/p/sms-cameroun
361,Douala,"Rue des Ministres, Bonanjo",B.P. 829,SMT,/index.php/p/smt
362,Yaoundé,Bastos Ecole Publique,,SNAVTC (Syndicat Nationale des Agences de Voyage et de Tourisme du Cameroun),/index.php/p/snavtc-syndicat-nationale-des-agences-de-voyage-et-de-tourisme-du-cameroun
363,,,,SNI (Société Nationale des Investissements),/index.php/p/sni-societe-nationale-des-investissements
364,ntc@camnet.cm,B.P. 15345, DOUALA,SNTS (Société Nationale de Transit et de Services),/index.php/p/snts-societe-nationale-de-transit-et-de-services
365,contact@oapa-abcs.org,, YAOUNDE,SOACAM (SOCIETE ALIMENTAIRE DU CAMEROUN),/index.php/p/soacam-societe-alimentaire-du-cameroun
366,info@oasismotors.com,, DOUALA,SOCAPALM (Société Camerounaise des Palmeraies),/index.php/p/socapalm-societe-camerounaise-des-palmeraies
367,h.assi@okfoods-cam.com,, DOUALA,SOCARTO (Sté Camerounaise de Cartonnages et de Fournitures de matériel  scolaire & Bureau),/index.php/p/socarto-ste-camerounaise-de-cartonnages-et-de-fournitures-de-materiel-scolaire-bureau
368,info@okplastcam.com,B.P. 3033, DOUALA,SOCATAM,/index.php/p/socatam
369,oakalla@okalla-ahanda.com,B.P. 12628, DOUALA,SOCATUR S.A.,/index.php/p/socatur-sa
370,"cameroon@olamnet.com; alaindidier.b@olamnet.com, olamcameroun@damnet.com ",B.P. 5207, DOUALA,SOCIETE  QUIFEUROU,/index.php/p/societe-quifeurou
371,omed.douala@yahoo.com,, DOUALA,Société 8P Transit S.A,/index.php/p/societe-8p-transit-sa
372,jdchepda@omoa-group.com,12580, Douala,SOCIETE DES ETABLISSEMENTS MONKAM (SEM),/index.php/p/societe-des-etablissements-monkam-sem
373,oneworldbusiness@oneworld-b.com,BP 15688, DOUALA,SOCIETE DES PARCS A BOIS DU CAMEROUN,/index.php/p/societe-des-parcs-a-bois-du-cameroun
374,Douala,"Rue des Ministres, Bonanjo",B.P. 829,SOCIETE GENERALE CAMEROUN (SGC),/index.php/p/societe-generale-cameroun
375,Yaoundé,Bastos Ecole Publique,,Société Nationale de Transit et de Services (SNTS),/index.php/p/societe-nationale-de-transit-et-de-services-snts
376,,,,Société TCHIN-PAS SARL,/index.php/p/societe-tchin-pas-sarl
377,onzfi@onzfi.org; rtchouanga@yahoo.fr,B.P. 925, DOUALA,SOCIETE TIGUI SA,/index.php/p/societe-tigui-sa
378,samuel.ngondi@orange.com,B.P. 1864, DOUALA,SOCIPEC SARL,/index.php/p/socipec-sarl
379,contact@omcsarl.com / bassoro@omcsarl.com,BP : 2096 Douala, Douala,SOCOMAR SA,/index.php/p/socomar-sa
380,contact@pak.cm,203 , Kribi,SODECOTON (Société de Développement du Coton du Cameroun),/index.php/p/sodecoton-societe-de-developpement-du-coton-du-cameroun
381,pamol-lbe@pamol-plantations.com;  pamol-dla@pamol-plantation.com,B.P. 5483, DOUALA,SOFITOUL S.A.,/index.php/p/sofitoul-sa
382,contact@paness.net,B.P. 5528, DOUALA,SOGECO,/index.php/p/sogeco
383,panzanicameroun@cadyst-invest.com,B.P. 848, DOUALA,SOLEVO CAMEROUN,/index.php/p/louis-dreyfus-commodities
384,jekeke@cm.perenco.com,B.P. 12554, DOUALA,SOLEX SARL,/index.php/p/solex-sarl
385,support@perfectservicessarl.com,6736, Douala,SONARA  (Société Nationale de Raffinage),/index.php/p/sonara-societe-nationale-de-raffinage
386,info@perfitcom.com,665 Rue Boue de Lapayrere, Douala,SOREPCO,/index.php/p/sorepco
387,Douala,"Rue des Ministres, Bonanjo",B.P. 829,SOSUCAM (Société Sucrière du Cameroun),/index.php/p/sosucam-societe-sucriere-du-cameroun
388,Yaoundé,Bastos Ecole Publique,,SOURCE DU PAYS,/index.php/p/source-du-pays
389,,,,SOYA BEANS PROCESSING INDUSTRY OF CAMEROON (SOPROICAM) S.A,/index.php/p/soya-beans-processing-industry-of-cameroon-soproicam-sa
390,petrolex@petrolex.net,B.P. 1590, DOUALA,SPECTRUM SARL,/index.php/p/spectrum-sarl
391,r.temkou@phpcam.net,B.P. 15317, DOUALA,SPEED APPRO,/index.php/p/speed-appro
392,"henritafou@yahoo.fr, pigierdouala@yahoo.fr, pigierdouala@pigiercam.com ",B.P. 1133, DOUALA,ST DIGITAL,/index.php/p/st-digital
393,dir.general@plasticam.net; d.plasticam@gmail.com,B.P. 4071, DOUALA,STANDARD CHARTERED BANK CAMEROON S.A.,/index.php/p/standard-chartered-bank-cameroon-sa
394,polypharma90@polypharma90.com,B.P.8143, DOUALA,STYLE.COM SARL,/index.php/p/stylecom-sarl
395,pommerougecm@gmail.com,1099, Douala,SUMOCAM ( Sucreries Modernes du Cameroun ),/index.php/p/sumocam-sucreries-modernes-du-cameroun
396,pad@portdedouala.cameroun.com,B.P. 4020, DOUALA,SUMU ASSURANCES VIE CAMEROUN,/index.php/p/sumu-assurances-vie-cameroun
397,info@assacam.com,B.P. 1567, DOUALA,SUNDA Cameroun Ltd,/index.php/p/sunda-cameroun-ltd
398,mirelle.ngani@premium-financial.com,, DOUALA,SUNU CAMEROUN,/index.php/p/sunu-cameroun
399,nadine.tinen@cm.pwc.com,, DOUALA,SYNDUSTRICAM (Syndicat des Industriels du Cameroun),/index.php/p/syndustricam-syndicat-des-industriels-du-cameroun
400,Douala,"Rue des Ministres, Bonanjo",B.P. 829,SYPRODIS,/index.php/p/syprodis
401,Yaoundé,Bastos Ecole Publique,,TAC (Tôles et Aciers du Cameroun),/index.php/p/tac-tles-et-aciers-du-cameroun
402,,,,TAF INVESTMENT GROUP,/index.php/p/taf-investment-group
403,info@prodigyaviationsolutions.com / idriss@prodigyaviationsolutions.com,5754, DOUALA,TECHNOLOGIE ZENTRUM SARL,/index.php/p/technologie-zentrum-sarl
404,info@prometal-cm.com,, DOUALA,TEFON HR,/index.php/p/tefon-hr
405,ngouchet@yahoo.fr,B.P.8928, DOUALA,TELCAR COCOA LTD,/index.php/p/telcar-cocoa-ltd
406,proximitycare2013@yahoo.com / proximitycare2013@gmail.com,B.P: 1056, DOUALA,THELI RP,/index.php/p/theli-rp
407,"yleferec@razel.fr, fngono@razel.fr",B.P. 11306, YAOUNDE,TOTALENERGIES MARKETING CAMEROUN S.A.,/index.php/p/total-cameroun-sa
408,contact@reptic.cm ; reptic.cm@gmail.com ; pfkamanou@gts-infotel.com ,, YAOUNDE,TPM SA (Transformation of Plastics and Metals),/index.php/p/tpm-sa-transformation-of-plastics-and-metals
409,info@royalchimie-phyto.cm / royal.chimie@gmail.com,5724, DOUALA,TRACTAFRIC EQUIPEMENT,/index.php/p/tractafric-equipement
410,"rwking@rwkingcam.com, claude.ngankeng@rwkingcam.com ",, DOUALA,TRADE WOOD & SERVICES Sarl,/index.php/p/trade-wood-services-sarl
411,"info@saagry.cm, saagry@yahoo.fr",B.P. 15170, DOUALA,TRADIMCO SARL (TRADING MANAGEMENT COMPANY),/index.php/p/tradimco-sarl-trading-management-company
412,gkagou@saar-assurances.com; yvymai@yahoo.fr; contact@saar-assurances.com,B.P. 1011, DOUALA,TRANSIMAR SA,/index.php/p/transimar-sa
413,Douala,"Rue des Ministres, Bonanjo",B.P. 829,TRANSIMEX CAMEROUN,/index.php/p/transimex-cameroun
414,Yaoundé,Bastos Ecole Publique,,TROPIK INDUSTRIES CAMEROUN,/index.php/p/tropik-industries-cameroun
415,,,,UBA (United Bank for Africa),/index.php/p/uba-united-bank-for-africa
416,sabinternational2015@gmail.com,, Yaoundé,UBC (UNION BANK OF CAMEROON PLC),/index.php/p/ubc-union-bank-of-cameroon-plc
417,rmfondja@sabc-cm.com,B.P. 4036, DOUALA,UCAM (UNION DES CONSIGNATAIRES ET ARMATEURS DU CAMEROUN),/index.php/p/ucam-union-des-consignataires-et-armateurs-du-cameroun
418,sae@cadyst-invest.com,BP 1781, DOUALA,UCB (Union Camerounaise de Brasseries),/index.php/p/ucb-union-camerounaise-de-brasseries
419,myateng@safacam.com,, DOUALA,UNALOR (Union Allumettière Equatoriale),/index.php/p/unalor-union-allumettiere-equatoriale
420,safca3@yahoo.fr,B.P. 1485, DOUALA,UNITED BUSINESS MACHINES,/index.php/p/united-business-machines
421,boubacar.diandy@sagemcom.com,, Douala,UTI ( Union Trading International),/index.php/p/uti-union-trading-international
422,saicamco@yahoo.fr,, Bafoussam,UTSCH CAMEROUN,/index.php/p/utsch-cameroun
423,cameroun@sahamassurance.com,BP 12125, Douala,VELIA SARL,/index.php/p/velia-sarl
424,martin.foncha@sahamassurance.com,B.P.267, DOUALA,WARTSILA,/index.php/p/wartsila
425,"guy-olivier.mbianda@sanofi.com, marie.ndengue@sanofi.com",B.P. 929, DOUALA,WCI (WORLD CAR INDUSTRY ),/index.php/p/wci-world-car-industry
426,Douala,"Rue des Ministres, Bonanjo",B.P. 829,WIJMA CAMEROUN S.A.,/index.php/p/wijma-cameroun-sa
427,Yaoundé,Bastos Ecole Publique,,WILLIS TOWERS WATSON CAMEROUN,/index.php/p/gras-savoye
428,,,,WISDOM INTERNATIONAL,/index.php/p/wisdom-international
429,sapaci2000@yahoo.fr,, ,YOOMEE Cameroun,/index.php/p/yoomee-cameroun
430,"contact@sapougroup.cm, sapou.etienne@sapougroup.cm",B.P. 191, Douala,YUP CAMEROUN S.A,/index.php/p/yup-cameroun-sa
431,syndmar_gpac@yahoo.fr,B.P. 73, DOUALA,ZATI CONSTRUCTIONS,/index.php/p/zati-constructions
432,ca_scb@scbcameroun.com,B.P. 300, Douala,ZENITHE INSURANCE SA,/index.php/p/zenithe-insurance-sa
433,sdg-scdp@yahoo.fr/blaiseatangana2010@hotmail.fr,B.P. 2271, DOUALA, BOURSE DES VALEURS MOBILIÈRES DE L’AFRIQUE CENTRALE (BVMAC),
434,fondjajules@yahoo.fr,B.P 15330, DOUALA,3T CAMEROUN,
435,mbogo_flamboyant@yahoo.fr,13592, YAOUNDE,ABB (ASEA BROWN BOVERI),
436,gicam@legicam.org,B.P. 829, DOUALA,ABIOGeT,
437,scinafrique@yahoo.fr,, DOUALA,AC2P (ASSOCIATION CAMEROUNAISE DES PROFESSIONNELS DE LA PLASTURGIE ),
438,"scrmaya@camnet.cm; transitscrm@hotmail.com, secretariatdg@scrmaya.com",B.P. 2851, DOUALA,ACAM VIE S.A,
439,Douala,"Rue des Ministres, Bonanjo",B.P. 829,ACAMET,
440,Yaoundé,Bastos Ecole Publique,,ACE (African Consulting Entreprise),
441,,,,ACTIVA ASSURANCES,
442,scs.sarl@yahoo.fr,, BAFOUSSAM,ADDAX PETROLEUM CAMEROON Ltd,
443,sctm_2004@yahoo.fr,B.P. 9091, DOUALA,,
444,ssdadsarl@yahoo.com,B.P. 8693, DOUALA,,
445,sdcrasarl1@gmail.com/ moboustella@yahoo.fr,3099, DOUALA,,
446,seca.hysacam@gmail.com,B.P.2172, DOUALA,,
447,infodla@secelgroup.com; infosyde@secelgroup.com,, DOUALA,,
448,ssgcameroon@ymail.com,BP 4997, DOUALA,,
449,"semagri@semagricmr.com, alain.kanmegne@agrivisionsmr.com ",B.P. 5655, DOUALA,,
450,seremac.sarl@yahoo.fr,B.P.7505," YAOUNDE, Ngousso, derrière station blessing",,
451,info-sfid@groupe-rougier.com,B.P. 1343, DOUALA,,
452,Douala,"Rue des Ministres, Bonanjo",B.P. 829,,
453,Yaoundé,Bastos Ecole Publique,,,
454,,,,,
455,directionsgmc@sgmc.somdiaa.com,B.P. 3509, DOUALA,,
456,edith.bebey@sgs.com; annie.joky@sgs.com ,DG , DOUALA,,
457,sstar@camnet.cm,, DOUALA,,
458, info@sic.cm,B.P. 387, YAOUNDE,,
459,pierluigi_passera@barry-callebaut.com ,B.P. 570, DOUALA,,
460,ndame.emelienne@cm.sika.com / kamdem.eric@cm.sika.com,BP 1049, DOUALA,,
461,info@simtech3d.com,B.P. 8210, DOUALA,,
462,"sipp@sippcameroun.com, sboubakary@cadyst-invest.com",BP 4403, YAOUNDE,,
463, mohamed.agrebi@essilor.com,, Douala,,
464,cyil.fahy@michelin.com,, DOUALA,,
465,Douala,"Rue des Ministres, Bonanjo",B.P. 829,,
466,Yaoundé,Bastos Ecole Publique,,,
467,,,,,
468,"info@smscameroun.com, fpaliliki@smscameroun.com",B.P. 3825, DOUALA,,
469,"jerome.francois@smt-group.com, info.africa@smt.network ",3553," DOUALA, CAMEROUN",,
470,,BP 5336, DOUALA,,
471,sni@sni.cm,B.P. 423, YAOUNDE,,
472,marie.bell@camnet.cm / sntsnordsudcti@yahoo.fr,1341, DOUALA,,
473,soacam@yahoo.fr / alcali.amine@soacam.cm,17355, DOUALA,,
474,socapalm@socapalm.com; rlienou@socapalm.org,B.P. 691, DOUALA,,
475,"contact@socarto.com,  jean-jacques.epee-same@socarto.com , jeanjacquessameepee@yahoo.fr",B.P. 5028, DOUALA,,
476,contact@socatam.com,B.P. 3941, DOUALA,,
477,socatur@hotmail.fr; lydienne_nb@yahoo.fr,B.P. 1347, DOUALA,,
478,Douala,"Rue des Ministres, Bonanjo",B.P. 829,,
479,Yaoundé,Bastos Ecole Publique,,,
480,,,,,
481,emmanuel.peughouia@groupequifeurou.com;,B.P 6787, Douala,,
482,societe8ptransit@yahoo.fr,13224, Douala,,
483,infos@groupemonkam.com,B.P.: 5300 Douala-Cameroun, DOUALA,,
484,sepbc.cameroun@bollore.com,, Douala,,
485,mareme.mbaye@socgem.com,B.P. 4042, DOUALA,,
486,mame.bell@camnet.cm,, DOUALA,,
487,clovislontsi@icloud.com,30324, YAOUNDE,,
488,fant.said@gmail.com,BP 566, YAOUNDE,,
489,tacicam@yahoo.fr,B.P. 12132, DOUALA,,
490,socinfo@socomar-cameroun.com,, DOUALA,,
491,Douala,"Rue des Ministres, Bonanjo",B.P. 829,,
492,Yaoundé,Bastos Ecole Publique,,,
493,,,,,
494,sodecoton@sodecoton.cm,B.P. 302, GAROUA,,
495,info@sofitoul.com,B.P. 20062, Yaoundé,,
496,"cmoumbe07@yahoo.fr, sogecobafoussam@yahoo.fr",, ,,
497,helene.dimene@solevogroup.com,B.P. 2368, DOUALA,,
498,info@solextgv.com,BP 15814, DOUALA,,
499, contact@sonara.cm,B.P. 365, LIMBE,,
500,sorepco.sa@gmail.com,B.P. 2854, DOUALA,,
501,yde-secretariat@sosucam.somdiaa.com,B.P. 857, YAOUNDE,,
502,fakhouryali@hotmail.fr; secretariat.direction@sourcedupays.com,B.P.914, DOUALA,,
503,info@soproicam.cm,13135, Douala,,
504,Douala,"Rue des Ministres, Bonanjo",B.P. 829,,
505,Yaoundé,Bastos Ecole Publique,,,
506,,,,,
507,,4883, DOUALA,,
508,speed.appro@netcourrier.com; speed.appro@yahoo.fr,B.P. 1923, DOUALA,,
509,info@st.digital.com,, DOUALA,,
510,"pascale-fride.balem@cm.standardchartered.com, marie-paul.matouke@sc.com, yimga.nyassi@sc.com, Vincent.ngimbock@sc.com, jean-arsene.yerima@sc.com",B.P. 1784, DOUALA,,
511,stylecomsarl@gmail.com / didyevrard@gmail.com,, DOUALA,,
512,"sodipa@camnet.cm, sumocamsarl@yahoo.fr",B.P.5802, DOUALA,,
513,cameroun.vie@sumu-group.com,BP : 2153 Douala-Cameroun, Douala,,
514,,, DOUALA,,
515,cameroun.vie@sumu-group.com,B.P.2153 Douala-Cameroun, Douala,,
516,doualasyndustricam@yahoo.fr; syndustricamyaounde@yahoo.fr,"B.P. 673 (Dla), 1516 (Ydé)", DOUALA,,
517,Douala,"Rue des Ministres, Bonanjo",B.P. 829,,
518,Yaoundé,Bastos Ecole Publique,,,
519,,,,,
520,"mouzong_jc@yahoo.fr, aminkala@yahoo.fr",, Douala,,
521,tac@taccm.net,B.P. 15197, DOUALA,,
522,taf@tafinvest.com,B.P. 1500, DOUALA,,
523,techno_zentrum@yahoo.fr,B.P. 12503, DOUALA,,
524,tefonhr@tefonservices.com,254, Douala,,
525,eokie@telcarcocoa.com,B.P. 887, DOUALA,,
526,quotidien_economique@yahoo.fr,B.P. 312, YAOUNDE,,
527,total@total.cm,, Douala,,
528,cac_vis3@yahoo.fr,, Douala,,
529,contact.cameroun@tractafrictae.com,, DOUALA,,
530,Douala,"Rue des Ministres, Bonanjo",B.P. 829,,
531,Yaoundé,Bastos Ecole Publique,,,
532,,,,,
533,tws.sarl@gmail.com,B.P. 2155, DOUALA,,
534,etouflo@yahoo.fr,B.P, YAOUNDE,,
535,transimartransimar@yahoo.fr,B.P. 2431, DOUALA,,
536,info@transimex-cm.com; ousmanou@transimex-cm.com,B.P. 3191, DOUALA,,
537,akamtchouang@yahoo.fr,B.P.2895, DOUALA,,
538,yves.soumelong@ubagroup.com,, DOUALA,,
539,,B.P. 15569, DOUALA,,
540,ucam@ucamsyndicat.net; ucamsyndicat@yahoo.com,B.P. 1401, DOUALA,,
541,kadjin@sa-ucb.com; feyou@sa-ucb.com,B.P. 638, DOUALA,,
542,unalor_dla@yahoo.fr; ngeudeu@yahoo.fr,B.P. 988, DOUALA,,
543,Douala,"Rue des Ministres, Bonanjo",B.P. 829,,
544,Yaoundé,Bastos Ecole Publique,,,
545,,,,,
546,contact@ubm72.com / fpetto@ubm72.com,, ,,
547,direction@uticameroun.com,B.P.5327, DOUALA,,
548,utschcam@yahoo.fr,B.P. 7268, DOUALA,,
549,"olivierdontsop@veliasarl.com, veliasarl@yaho.fr",BP 837, DOUALA,,
550,catherine.wedjou@wartsila.com,, DOUALA,,
551,simotahakam@yahoo.fr; worldindustrycar@yahoo.fr,, DOUALA,,
552,j.riviere@wijma.cm,B.P. 1616, DOUALA,,
553,gras.savoye@cm.grassavoye.com,B.P. 3014, DOUALA,,
554,julesfabricefuture@gmail.com,4731, DOUALA,,
555,"eric.tamko@yoomee.cm, support@yoomee.cm",B.P. 2403, DOUALA,,
556,Douala,"Rue des Ministres, Bonanjo",B.P. 829,,
557,Yaoundé,Bastos Ecole Publique,,,
558,,,,,
559,david.ekwabi@socgen.com,4042, DOUALA,,
560,zati.construction@yahoo.fr,BP 7786, DOUALA,,
561, info@zenitheinsurance.com,, Douala,,
562,Douala,"Rue des Ministres, Bonanjo",B.P. 829,,
563,Yaoundé,Bastos Ecole Publique,,,
564,,,,,
565,info@bvmac-ac.org,B.P. 442, DOUALA,,
566,3t@tafinvestment.com,B.P. 12554, DOUALA,,
567,,B.P. 13222, DOUALA,,
568,contact@abioget.org,127, MAROUA,,
569,ac2p2013@gmail.com,B.P. 8722, DOUALA,,
570,directiongenerale@acamvie.com,B.P 2000, DOUALA,,
571,acamet.cam@gmail.com,5773, Douala,,
572,baoace@yahoo.fr,B.P. 2439, DOUALA,,
573,activa.assur@group-activa.com,B.P. 12970, DOUALA,,
574,philomen.edjimbi@cm.addaxpetroleum.com,B.P. 2273, DOUALA,,
575,Douala,"Rue des Ministres, Bonanjo",B.P. 829,,
576,Yaoundé,Bastos Ecole Publique,,,
577,,,,,
